table,dataset,column,value
datasets,UQ_Sepsis,cases,1049
datasets,UQ_Sepsis,events,15214
datasets,UQ_Sepsis,act,16
datasets,UQ_Sepsis,avg_len,14.5
datasets,UQ_Sepsis,med_dt_s,390
datasets,UQ_Sepsis,tie_pct,31.4
datasets,UQ_Sepsis,avg_dur_d,28.5
datasets,UQ_BPIC13I,cases,7554
datasets,UQ_BPIC13I,events,65533
datasets,UQ_BPIC13I,act,4
datasets,UQ_BPIC13I,avg_len,8.7
datasets,UQ_BPIC13I,med_dt_s,606
datasets,UQ_BPIC13I,tie_pct,0
datasets,UQ_BPIC13I,avg_dur_d,12.1
datasets,UQ_BPIC12,cases,13087
datasets,UQ_BPIC12,events,262200
datasets,UQ_BPIC12,act,24
datasets,UQ_BPIC12,avg_len,20
datasets,UQ_BPIC12,med_dt_s,48
datasets,UQ_BPIC12,tie_pct,5.6
datasets,UQ_BPIC12,avg_dur_d,8.6
datasets,UQ_HelpDesk,cases,4580
datasets,UQ_HelpDesk,events,21348
datasets,UQ_HelpDesk,act,14
datasets,UQ_HelpDesk,avg_len,4.7
datasets,UQ_HelpDesk,med_dt_s,283392
datasets,UQ_HelpDesk,tie_pct,0.8
datasets,UQ_HelpDesk,avg_dur_d,40.9
datasets,UQ_BPIC20DD,cases,10500
datasets,UQ_BPIC20DD,events,56437
datasets,UQ_BPIC20DD,act,17
datasets,UQ_BPIC20DD,avg_len,5.4
datasets,UQ_BPIC20DD,med_dt_s,88128
datasets,UQ_BPIC20DD,tie_pct,0
datasets,UQ_BPIC20DD,avg_dur_d,11.5
datasets,UQ_BPIC20RFP,cases,6886
datasets,UQ_BPIC20RFP,events,36796
datasets,UQ_BPIC20RFP,act,19
datasets,UQ_BPIC20RFP,avg_len,5.3
datasets,UQ_BPIC20RFP,med_dt_s,95904.00000000001
datasets,UQ_BPIC20RFP,tie_pct,0.1
datasets,UQ_BPIC20RFP,avg_dur_d,12
datasets,UQ_BPIC20PTC,cases,2099
datasets,UQ_BPIC20PTC,events,18246
datasets,UQ_BPIC20PTC,act,29
datasets,UQ_BPIC20PTC,avg_len,8.7
datasets,UQ_BPIC20PTC,med_dt_s,81000
datasets,UQ_BPIC20PTC,tie_pct,0.4
datasets,UQ_BPIC20PTC,avg_dur_d,36.8
datasets,UQ_BPIC20ID,cases,6449
datasets,UQ_BPIC20ID,events,72151
datasets,UQ_BPIC20ID,act,34
datasets,UQ_BPIC20ID,avg_len,11.2
datasets,UQ_BPIC20ID,med_dt_s,172800
datasets,UQ_BPIC20ID,tie_pct,0.6
datasets,UQ_BPIC20ID,avg_dur_d,86.5
datasets,UQ_BPIC20TPD,cases,7065
datasets,UQ_BPIC20TPD,events,86581
datasets,UQ_BPIC20TPD,act,51
datasets,UQ_BPIC20TPD,avg_len,12.3
datasets,UQ_BPIC20TPD,med_dt_s,150336
datasets,UQ_BPIC20TPD,tie_pct,1.4
datasets,UQ_BPIC20TPD,avg_dur_d,87.4
datasets,UQ_BPIC15_1,cases,1199
datasets,UQ_BPIC15_1,events,52217
datasets,UQ_BPIC15_1,act,398
datasets,UQ_BPIC15_1,avg_len,43.6
datasets,UQ_BPIC15_1,med_dt_s,1
datasets,UQ_BPIC15_1,tie_pct,46.2
datasets,UQ_BPIC15_1,avg_dur_d,95.7
nextevent,UQ_Sepsis,act_THP-B,62.3
nextevent,UQ_Sepsis,act_THP-M,61.8
nextevent,UQ_Sepsis,act_SuTraN,59.9
nextevent,UQ_Sepsis,act_ED-LSTM,62.5
nextevent,UQ_Sepsis,act_H-mk,50.6
nextevent,UQ_Sepsis,mae_THP-B,0.27
nextevent,UQ_Sepsis,mae_THP-M,0.26
nextevent,UQ_Sepsis,mae_SuTraN,1.15
nextevent,UQ_Sepsis,mae_ED-LSTM,1.1
nextevent,UQ_Sepsis,mae_H-uni,0.46
nextevent,UQ_Sepsis,mae_H-mk,0.46
nextevent,UQ_BPIC13I,act_THP-B,61.9
nextevent,UQ_BPIC13I,act_THP-M,67
nextevent,UQ_BPIC13I,act_SuTraN,48.3
nextevent,UQ_BPIC13I,act_ED-LSTM,50.2
nextevent,UQ_BPIC13I,act_H-mk,67.9
nextevent,UQ_BPIC13I,mae_THP-B,0.75
nextevent,UQ_BPIC13I,mae_THP-M,0.77
nextevent,UQ_BPIC13I,mae_SuTraN,0.92
nextevent,UQ_BPIC13I,mae_ED-LSTM,0.87
nextevent,UQ_BPIC13I,mae_H-uni,0.87
nextevent,UQ_BPIC13I,mae_H-mk,0.86
nextevent,UQ_BPIC12,act_THP-B,86.1
nextevent,UQ_BPIC12,act_THP-M,87.3
nextevent,UQ_BPIC12,act_SuTraN,77.3
nextevent,UQ_BPIC12,act_ED-LSTM,84.5
nextevent,UQ_BPIC12,act_H-mk,67
nextevent,UQ_BPIC12,mae_THP-B,0.3
nextevent,UQ_BPIC12,mae_THP-M,0.29
nextevent,UQ_BPIC12,mae_SuTraN,0.41
nextevent,UQ_BPIC12,mae_ED-LSTM,0.34
nextevent,UQ_BPIC12,mae_H-uni,0.56
nextevent,UQ_BPIC12,mae_H-mk,0.58
nextevent,UQ_HelpDesk,act_THP-B,56
nextevent,UQ_HelpDesk,act_THP-M,60.3
nextevent,UQ_HelpDesk,act_SuTraN,73.8
nextevent,UQ_HelpDesk,act_ED-LSTM,73.8
nextevent,UQ_HelpDesk,act_H-mk,44.4
nextevent,UQ_HelpDesk,mae_THP-B,6.66
nextevent,UQ_HelpDesk,mae_THP-M,6.83
nextevent,UQ_HelpDesk,mae_SuTraN,4.92
nextevent,UQ_HelpDesk,mae_ED-LSTM,4.61
nextevent,UQ_HelpDesk,mae_H-uni,7.57
nextevent,UQ_HelpDesk,mae_H-mk,7.26
nextevent,UQ_BPIC20DD,act_THP-B,80.3
nextevent,UQ_BPIC20DD,act_THP-M,71.1
nextevent,UQ_BPIC20DD,act_SuTraN,91.1
nextevent,UQ_BPIC20DD,act_ED-LSTM,88.9
nextevent,UQ_BPIC20DD,act_H-mk,59.8
nextevent,UQ_BPIC20DD,mae_THP-B,1.38
nextevent,UQ_BPIC20DD,mae_THP-M,1.4
nextevent,UQ_BPIC20DD,mae_SuTraN,1.31
nextevent,UQ_BPIC20DD,mae_ED-LSTM,1.35
nextevent,UQ_BPIC20DD,mae_H-uni,1.86
nextevent,UQ_BPIC20DD,mae_H-mk,1.68
nextevent,UQ_BPIC20RFP,act_THP-B,82
nextevent,UQ_BPIC20RFP,act_THP-M,80.8
nextevent,UQ_BPIC20RFP,act_SuTraN,89.8
nextevent,UQ_BPIC20RFP,act_ED-LSTM,87.2
nextevent,UQ_BPIC20RFP,act_H-mk,57.2
nextevent,UQ_BPIC20RFP,mae_THP-B,1.61
nextevent,UQ_BPIC20RFP,mae_THP-M,1.6
nextevent,UQ_BPIC20RFP,mae_SuTraN,1.55
nextevent,UQ_BPIC20RFP,mae_ED-LSTM,1.55
nextevent,UQ_BPIC20RFP,mae_H-uni,2.1
nextevent,UQ_BPIC20RFP,mae_H-mk,1.88
nextevent,UQ_BPIC20PTC,act_THP-B,78.2
nextevent,UQ_BPIC20PTC,act_THP-M,77.5
nextevent,UQ_BPIC20PTC,act_SuTraN,80.9
nextevent,UQ_BPIC20PTC,act_ED-LSTM,87.4
nextevent,UQ_BPIC20PTC,act_H-mk,48.3
nextevent,UQ_BPIC20PTC,mae_THP-B,3.64
nextevent,UQ_BPIC20PTC,mae_THP-M,3.84
nextevent,UQ_BPIC20PTC,mae_SuTraN,2.13
nextevent,UQ_BPIC20PTC,mae_ED-LSTM,2.04
nextevent,UQ_BPIC20PTC,mae_H-uni,5.08
nextevent,UQ_BPIC20PTC,mae_H-mk,4.64
nextevent,UQ_BPIC20ID,act_THP-B,80.1
nextevent,UQ_BPIC20ID,act_THP-M,81.2
nextevent,UQ_BPIC20ID,act_SuTraN,90.3
nextevent,UQ_BPIC20ID,act_ED-LSTM,89.7
nextevent,UQ_BPIC20ID,act_H-mk,48.8
nextevent,UQ_BPIC20ID,mae_THP-B,6.84
nextevent,UQ_BPIC20ID,mae_THP-M,6.54
nextevent,UQ_BPIC20ID,mae_SuTraN,3.27
nextevent,UQ_BPIC20ID,mae_ED-LSTM,3.32
nextevent,UQ_BPIC20ID,mae_H-uni,9.81
nextevent,UQ_BPIC20ID,mae_H-mk,9.12
nextevent,UQ_BPIC20TPD,act_THP-B,76
nextevent,UQ_BPIC20TPD,act_THP-M,69.7
nextevent,UQ_BPIC20TPD,act_SuTraN,84
nextevent,UQ_BPIC20TPD,act_ED-LSTM,84.1
nextevent,UQ_BPIC20TPD,act_H-mk,42.3
nextevent,UQ_BPIC20TPD,mae_THP-B,4.91
nextevent,UQ_BPIC20TPD,mae_THP-M,5.15
nextevent,UQ_BPIC20TPD,mae_SuTraN,4.86
nextevent,UQ_BPIC20TPD,mae_ED-LSTM,4.83
nextevent,UQ_BPIC20TPD,mae_H-uni,7.1
nextevent,UQ_BPIC20TPD,mae_H-mk,6.64
nextevent,UQ_BPIC15_1,act_THP-B,6.6
nextevent,UQ_BPIC15_1,act_THP-M,8.9
nextevent,UQ_BPIC15_1,act_SuTraN,16.5
nextevent,UQ_BPIC15_1,act_ED-LSTM,10.6
nextevent,UQ_BPIC15_1,act_H-mk,0.3
nextevent,UQ_BPIC15_1,mae_THP-B,2.16
nextevent,UQ_BPIC15_1,mae_THP-M,2.21
nextevent,UQ_BPIC15_1,mae_SuTraN,1.53
nextevent,UQ_BPIC15_1,mae_ED-LSTM,1.6
nextevent,UQ_BPIC15_1,mae_H-uni,2.21
nextevent,UQ_BPIC15_1,mae_H-mk,1.81
rtuq,UQ_Sepsis,rtmae_THP-B,27.42
rtuq,UQ_Sepsis,rtmae_THP-M,9.46
rtuq,UQ_Sepsis,rtmae_SuTraN,14.83
rtuq,UQ_Sepsis,rtmae_ED-LSTM,15.08
rtuq,UQ_Sepsis,rtmae_UQ*,15.32
rtuq,UQ_Sepsis,ma_THP-M,0.038
rtuq,UQ_Sepsis,ma_UQ*,0.04
rtuq,UQ_Sepsis,ma_LA-CR*,0.08
rtuq,UQ_Sepsis,mpiw_THP-M,14.05
rtuq,UQ_Sepsis,mpiw_UQ*,4.86
rtuq,UQ_Sepsis,mpiw_LA-CR*,3.55
rtuq,UQ_Sepsis,aurg_THP-M,6.627
rtuq,UQ_Sepsis,aurg_UQ*,8.35
rtuq,UQ_Sepsis,aurg_LA-CR*,4.169
rtuq,UQ_BPIC13I,rtmae_THP-B,8.57
rtuq,UQ_BPIC13I,rtmae_THP-M,5.55
rtuq,UQ_BPIC13I,rtmae_SuTraN,3.2
rtuq,UQ_BPIC13I,rtmae_ED-LSTM,3.47
rtuq,UQ_BPIC13I,rtmae_UQ*,3.06
rtuq,UQ_BPIC13I,ma_THP-M,0.035
rtuq,UQ_BPIC13I,ma_UQ*,0.04
rtuq,UQ_BPIC13I,ma_LA-CR*,0.12
rtuq,UQ_BPIC13I,mpiw_THP-M,7
rtuq,UQ_BPIC13I,mpiw_UQ*,8.05
rtuq,UQ_BPIC13I,mpiw_LA-CR*,0.37
rtuq,UQ_BPIC13I,aurg_THP-M,1.993
rtuq,UQ_BPIC13I,aurg_UQ*,1.43
rtuq,UQ_BPIC13I,aurg_LA-CR*,0.201
rtuq,UQ_BPIC12,rtmae_THP-B,6.76
rtuq,UQ_BPIC12,rtmae_THP-M,3.48
rtuq,UQ_BPIC12,rtmae_SuTraN,4.69
rtuq,UQ_BPIC12,rtmae_ED-LSTM,7.85
rtuq,UQ_BPIC12,rtmae_UQ*,5.86
rtuq,UQ_BPIC12,ma_THP-M,0.042
rtuq,UQ_BPIC12,ma_UQ*,0.05
rtuq,UQ_BPIC12,ma_LA-CR*,0.057
rtuq,UQ_BPIC12,mpiw_THP-M,73.85
rtuq,UQ_BPIC12,mpiw_UQ*,8.63
rtuq,UQ_BPIC12,mpiw_LA-CR*,4.1
rtuq,UQ_BPIC12,aurg_THP-M,1.803
rtuq,UQ_BPIC12,aurg_UQ*,1.86
rtuq,UQ_BPIC12,aurg_LA-CR*,1.259
rtuq,UQ_HelpDesk,rtmae_THP-B,8.82
rtuq,UQ_HelpDesk,rtmae_THP-M,10.86
rtuq,UQ_HelpDesk,rtmae_SuTraN,4.22
rtuq,UQ_HelpDesk,rtmae_ED-LSTM,3.77
rtuq,UQ_HelpDesk,rtmae_UQ*,9.45
rtuq,UQ_HelpDesk,ma_THP-M,0.054
rtuq,UQ_HelpDesk,ma_UQ*,0.12
rtuq,UQ_HelpDesk,ma_LA-CR*,0.079
rtuq,UQ_HelpDesk,mpiw_THP-M,26.8
rtuq,UQ_HelpDesk,mpiw_UQ*,7.63
rtuq,UQ_HelpDesk,mpiw_LA-CR*,18.47
rtuq,UQ_HelpDesk,aurg_THP-M,2.828
rtuq,UQ_HelpDesk,aurg_UQ*,1.48
rtuq,UQ_HelpDesk,aurg_LA-CR*,1.353
rtuq,UQ_BPIC20DD,rtmae_THP-B,3.56
rtuq,UQ_BPIC20DD,rtmae_THP-M,3.21
rtuq,UQ_BPIC20DD,rtmae_SuTraN,3.25
rtuq,UQ_BPIC20DD,rtmae_ED-LSTM,3.61
rtuq,UQ_BPIC20DD,rtmae_UQ*,4.12
rtuq,UQ_BPIC20DD,ma_THP-M,0.084
rtuq,UQ_BPIC20DD,ma_UQ*,0.04
rtuq,UQ_BPIC20DD,ma_LA-CR*,0.018
rtuq,UQ_BPIC20DD,mpiw_THP-M,8.16
rtuq,UQ_BPIC20DD,mpiw_UQ*,3.37
rtuq,UQ_BPIC20DD,mpiw_LA-CR*,3.59
rtuq,UQ_BPIC20DD,aurg_THP-M,1.014
rtuq,UQ_BPIC20DD,aurg_UQ*,2.05
rtuq,UQ_BPIC20DD,aurg_LA-CR*,0.465
rtuq,UQ_BPIC20RFP,rtmae_THP-B,4.89
rtuq,UQ_BPIC20RFP,rtmae_THP-M,3.84
rtuq,UQ_BPIC20RFP,rtmae_SuTraN,3.97
rtuq,UQ_BPIC20RFP,rtmae_ED-LSTM,4.33
rtuq,UQ_BPIC20RFP,rtmae_UQ*,5.09
rtuq,UQ_BPIC20RFP,ma_THP-M,0.033
rtuq,UQ_BPIC20RFP,ma_UQ*,0.03
rtuq,UQ_BPIC20RFP,ma_LA-CR*,0.026
rtuq,UQ_BPIC20RFP,mpiw_THP-M,38.67
rtuq,UQ_BPIC20RFP,mpiw_UQ*,5.29
rtuq,UQ_BPIC20RFP,mpiw_LA-CR*,3.86
rtuq,UQ_BPIC20RFP,aurg_THP-M,1.141
rtuq,UQ_BPIC20RFP,aurg_UQ*,2.61
rtuq,UQ_BPIC20RFP,aurg_LA-CR*,0.47
rtuq,UQ_BPIC20PTC,rtmae_THP-B,12.03
rtuq,UQ_BPIC20PTC,rtmae_THP-M,12.65
rtuq,UQ_BPIC20PTC,rtmae_SuTraN,6.18
rtuq,UQ_BPIC20PTC,rtmae_ED-LSTM,6.11
rtuq,UQ_BPIC20PTC,rtmae_UQ*,7.73
rtuq,UQ_BPIC20PTC,ma_THP-M,0.038
rtuq,UQ_BPIC20PTC,ma_UQ*,0.05
rtuq,UQ_BPIC20PTC,ma_LA-CR*,0.053
rtuq,UQ_BPIC20PTC,mpiw_THP-M,65.07
rtuq,UQ_BPIC20PTC,mpiw_UQ*,5.13
rtuq,UQ_BPIC20PTC,mpiw_LA-CR*,6.94
rtuq,UQ_BPIC20PTC,aurg_THP-M,6.589
rtuq,UQ_BPIC20PTC,aurg_UQ*,5.71
rtuq,UQ_BPIC20PTC,aurg_LA-CR*,5.035
rtuq,UQ_BPIC20ID,rtmae_THP-B,22.05
rtuq,UQ_BPIC20ID,rtmae_THP-M,22.13
rtuq,UQ_BPIC20ID,rtmae_SuTraN,10.13
rtuq,UQ_BPIC20ID,rtmae_ED-LSTM,10.1
rtuq,UQ_BPIC20ID,rtmae_UQ*,14.08
rtuq,UQ_BPIC20ID,ma_THP-M,0.027
rtuq,UQ_BPIC20ID,ma_UQ*,0.03
rtuq,UQ_BPIC20ID,ma_LA-CR*,0.101
rtuq,UQ_BPIC20ID,mpiw_THP-M,60.13
rtuq,UQ_BPIC20ID,mpiw_UQ*,15.77
rtuq,UQ_BPIC20ID,mpiw_LA-CR*,4.99
rtuq,UQ_BPIC20ID,aurg_THP-M,11.285
rtuq,UQ_BPIC20ID,aurg_UQ*,8.36
rtuq,UQ_BPIC20ID,aurg_LA-CR*,11.452
rtuq,UQ_BPIC20TPD,rtmae_THP-B,25.61
rtuq,UQ_BPIC20TPD,rtmae_THP-M,22.56
rtuq,UQ_BPIC20TPD,rtmae_SuTraN,17.6
rtuq,UQ_BPIC20TPD,rtmae_ED-LSTM,18.26
rtuq,UQ_BPIC20TPD,rtmae_UQ*,25.02
rtuq,UQ_BPIC20TPD,ma_THP-M,0.061
rtuq,UQ_BPIC20TPD,ma_UQ*,0.05
rtuq,UQ_BPIC20TPD,ma_LA-CR*,0.062
rtuq,UQ_BPIC20TPD,mpiw_THP-M,34.89
rtuq,UQ_BPIC20TPD,mpiw_UQ*,35.57
rtuq,UQ_BPIC20TPD,mpiw_LA-CR*,15.86
rtuq,UQ_BPIC20TPD,aurg_THP-M,10.48
rtuq,UQ_BPIC20TPD,aurg_UQ*,14.45
rtuq,UQ_BPIC20TPD,aurg_LA-CR*,4.413
rtuq,UQ_BPIC15_1,rtmae_THP-B,51.42
rtuq,UQ_BPIC15_1,rtmae_THP-M,30.49
rtuq,UQ_BPIC15_1,rtmae_SuTraN,28.32
rtuq,UQ_BPIC15_1,rtmae_ED-LSTM,31.39
rtuq,UQ_BPIC15_1,rtmae_UQ*,24.71
rtuq,UQ_BPIC15_1,ma_THP-M,0.026
rtuq,UQ_BPIC15_1,ma_UQ*,0.03
rtuq,UQ_BPIC15_1,ma_LA-CR*,0.109
rtuq,UQ_BPIC15_1,mpiw_THP-M,3276.69
rtuq,UQ_BPIC15_1,mpiw_UQ*,20.25
rtuq,UQ_BPIC15_1,mpiw_LA-CR*,17.67
rtuq,UQ_BPIC15_1,aurg_THP-M,16.56
rtuq,UQ_BPIC15_1,aurg_UQ*,12.61
rtuq,UQ_BPIC15_1,aurg_LA-CR*,7.013
timing,UQ_Sepsis,train_min_THP-B,17.62
timing,UQ_Sepsis,train_min_THP-M,5.93
timing,UQ_Sepsis,train_min_SuTraN,27.08
timing,UQ_Sepsis,train_min_ED-LSTM,3.28
timing,UQ_Sepsis,train_min_Hawkes,0.97
timing,UQ_Sepsis,train_min_LA-CR,53.4
timing,UQ_Sepsis,infer_ms_THP-B,0.017
timing,UQ_Sepsis,infer_ms_THP-M,0.017
timing,UQ_Sepsis,infer_ms_SuTraN,1.404
timing,UQ_Sepsis,infer_ms_ED-LSTM,0.629
timing,UQ_Sepsis,infer_ms_LA-CR,0.323
timing,UQ_BPIC13I,train_min_THP-B,15.65
timing,UQ_BPIC13I,train_min_THP-M,4.75
timing,UQ_BPIC13I,train_min_SuTraN,41.92
timing,UQ_BPIC13I,train_min_ED-LSTM,25.53
timing,UQ_BPIC13I,train_min_Hawkes,0.5
timing,UQ_BPIC13I,train_min_LA-CR,5.9
timing,UQ_BPIC13I,infer_ms_THP-B,0.016
timing,UQ_BPIC13I,infer_ms_THP-M,0.016
timing,UQ_BPIC13I,infer_ms_SuTraN,0.92
timing,UQ_BPIC13I,infer_ms_ED-LSTM,0.368
timing,UQ_BPIC13I,infer_ms_LA-CR,0.148
timing,UQ_BPIC12,train_min_THP-B,401.24
timing,UQ_BPIC12,train_min_THP-M,82.7
timing,UQ_BPIC12,train_min_SuTraN,239.4
timing,UQ_BPIC12,train_min_ED-LSTM,179.93
timing,UQ_BPIC12,train_min_Hawkes,15.89
timing,UQ_BPIC12,train_min_LA-CR,1090.8
timing,UQ_BPIC12,infer_ms_THP-B,0.009
timing,UQ_BPIC12,infer_ms_THP-M,0.009
timing,UQ_BPIC12,infer_ms_SuTraN,4.988
timing,UQ_BPIC12,infer_ms_ED-LSTM,1.65
timing,UQ_BPIC12,infer_ms_LA-CR,0.23
timing,UQ_HelpDesk,train_min_THP-B,14.7
timing,UQ_HelpDesk,train_min_THP-M,15.39
timing,UQ_HelpDesk,train_min_SuTraN,8.22
timing,UQ_HelpDesk,train_min_ED-LSTM,2.27
timing,UQ_HelpDesk,train_min_Hawkes,1.32
timing,UQ_HelpDesk,train_min_LA-CR,8.1
timing,UQ_HelpDesk,infer_ms_THP-B,0.073
timing,UQ_HelpDesk,infer_ms_THP-M,0.069
timing,UQ_HelpDesk,infer_ms_SuTraN,0.251
timing,UQ_HelpDesk,infer_ms_ED-LSTM,0.129
timing,UQ_HelpDesk,infer_ms_LA-CR,0.062
timing,UQ_BPIC20DD,train_min_THP-B,18.02
timing,UQ_BPIC20DD,train_min_THP-M,14.85
timing,UQ_BPIC20DD,train_min_SuTraN,44.27
timing,UQ_BPIC20DD,train_min_ED-LSTM,5.72
timing,UQ_BPIC20DD,train_min_Hawkes,2.28
timing,UQ_BPIC20DD,train_min_LA-CR,32.7
timing,UQ_BPIC20DD,infer_ms_THP-B,0.048
timing,UQ_BPIC20DD,infer_ms_THP-M,0.048
timing,UQ_BPIC20DD,infer_ms_SuTraN,0.169
timing,UQ_BPIC20DD,infer_ms_ED-LSTM,0.092
timing,UQ_BPIC20DD,infer_ms_LA-CR,0.069
timing,UQ_BPIC20RFP,train_min_THP-B,16.03
timing,UQ_BPIC20RFP,train_min_THP-M,13.19
timing,UQ_BPIC20RFP,train_min_SuTraN,22.55
timing,UQ_BPIC20RFP,train_min_ED-LSTM,2.83
timing,UQ_BPIC20RFP,train_min_Hawkes,1.73
timing,UQ_BPIC20RFP,train_min_LA-CR,17.8
timing,UQ_BPIC20RFP,infer_ms_THP-B,0.055
timing,UQ_BPIC20RFP,infer_ms_THP-M,0.054
timing,UQ_BPIC20RFP,infer_ms_SuTraN,0.22
timing,UQ_BPIC20RFP,infer_ms_ED-LSTM,0.109
timing,UQ_BPIC20RFP,infer_ms_LA-CR,0.067
timing,UQ_BPIC20PTC,train_min_THP-B,5.07
timing,UQ_BPIC20PTC,train_min_THP-M,7.49
timing,UQ_BPIC20PTC,train_min_SuTraN,9.1
timing,UQ_BPIC20PTC,train_min_ED-LSTM,3.05
timing,UQ_BPIC20PTC,train_min_Hawkes,0.78
timing,UQ_BPIC20PTC,train_min_LA-CR,15.7
timing,UQ_BPIC20PTC,infer_ms_THP-B,0.037
timing,UQ_BPIC20PTC,infer_ms_THP-M,0.04
timing,UQ_BPIC20PTC,infer_ms_SuTraN,0.344
timing,UQ_BPIC20PTC,infer_ms_ED-LSTM,0.165
timing,UQ_BPIC20PTC,infer_ms_LA-CR,0.063
timing,UQ_BPIC20ID,train_min_THP-B,15.31
timing,UQ_BPIC20ID,train_min_THP-M,14.41
timing,UQ_BPIC20ID,train_min_SuTraN,31.45
timing,UQ_BPIC20ID,train_min_ED-LSTM,5.25
timing,UQ_BPIC20ID,train_min_Hawkes,2.12
timing,UQ_BPIC20ID,train_min_LA-CR,38.8
timing,UQ_BPIC20ID,infer_ms_THP-B,0.023
timing,UQ_BPIC20ID,infer_ms_THP-M,0.023
timing,UQ_BPIC20ID,infer_ms_SuTraN,0.366
timing,UQ_BPIC20ID,infer_ms_ED-LSTM,0.167
timing,UQ_BPIC20ID,infer_ms_LA-CR,0.067
timing,UQ_BPIC20TPD,train_min_THP-B,27
timing,UQ_BPIC20TPD,train_min_THP-M,26.01
timing,UQ_BPIC20TPD,train_min_SuTraN,84.74
timing,UQ_BPIC20TPD,train_min_ED-LSTM,15.89
timing,UQ_BPIC20TPD,train_min_Hawkes,3.73
timing,UQ_BPIC20TPD,train_min_LA-CR,125.3
timing,UQ_BPIC20TPD,infer_ms_THP-B,0.02
timing,UQ_BPIC20TPD,infer_ms_THP-M,0.02
timing,UQ_BPIC20TPD,infer_ms_SuTraN,0.701
timing,UQ_BPIC20TPD,infer_ms_ED-LSTM,0.321
timing,UQ_BPIC20TPD,infer_ms_LA-CR,0.178
timing,UQ_BPIC15_1,train_min_THP-B,38.56
timing,UQ_BPIC15_1,train_min_THP-M,23.73
timing,UQ_BPIC15_1,train_min_SuTraN,197.35
timing,UQ_BPIC15_1,train_min_ED-LSTM,72.92
timing,UQ_BPIC15_1,train_min_Hawkes,3.84
timing,UQ_BPIC15_1,train_min_LA-CR,153.4
timing,UQ_BPIC15_1,infer_ms_THP-B,0.007
timing,UQ_BPIC15_1,infer_ms_THP-M,0.008
timing,UQ_BPIC15_1,infer_ms_SuTraN,6.276
timing,UQ_BPIC15_1,infer_ms_ED-LSTM,2.412
timing,UQ_BPIC15_1,infer_ms_LA-CR,0.176
